category,subcategory,name,price,url
fruits,Овощи и фрукты,"Груши Вильямс, весовые",125.99,https://lenta.com/product/grusha-vilyams-ves-044184/
fruits,Овощи и фрукты,"Манго спелое Палмер, весовое",267.99,https://lenta.com/product/mango-speloe-palmer-ves-742345/
fruits,Овощи и фрукты,"Лук репчатый, весовой",25.00,https://lenta.com/product/luk-repchatyjj-ves-1kg-303640/
fruits,Овощи и фрукты,"Бананы, весовые",139.99,https://lenta.com/product/banany-ves-011230/
fruits,Овощи и фрукты,"Картофель новый урожай, весовой",61.69,https://lenta.com/product/kartofel-novyjj-urozhajj-ves-egipet-674938/
fruits,Овощи и фрукты,"Морковь, весовая",27.50,https://lenta.com/product/morkov-ves-1kg-303639/
fruits,Овощи и фрукты,"Перец красный, весовой",91.00,https://lenta.com/product/perec-krasnyjj-ves-041203/
fruits,Овощи и фрукты,"Огурцы короткоплодные колючие, весовые",80.00,https://lenta.com/product/ogurcy-korotkoplodnye-kolyuchie-ves-168210/
fruits,Овощи и фрукты,"Апельсины, весовые",48.99,https://lenta.com/product/apelsiny-ves-011225/
fruits,Овощи и фрукты,"Лимоны, весовые",53.00,https://lenta.com/product/limony-ves-094429/
fruits,Овощи и фрукты,"Томаты розовые, Азербайджан, весовые",150.00,https://lenta.com/product/tomaty-rozovye-azerbajjdzhan-ves-163593/
fruits,Овощи и фрукты,"Капуста белокочанная новый урожай, весовая",79.99,https://lenta.com/product/kapusta-belokochannaya-novyjj-urozhajj-ves-029221/
fruits,Овощи и фрукты,"Кукуруза маринованная Sweet&Chilli BBQ, 450г",289.99,https://lenta.com/product/kukuruza-sweetchilli-450g-720024/
fruits,Овощи и фрукты,Свекла весовая,25.00,https://lenta.com/product/svekla-ves-1kg-300884/
fruits,Овощи и фрукты,"Мангостин, 2шт",549.99,https://lenta.com/product/mangostin-2sht-725899/
fruits,Овощи и фрукты,"Чурчхела с фундуком в гранатовом соке, весовая",660.00,https://lenta.com/product/churchhela-s-fundukom-v-granatovom-soke-ves-rossiya-667768/
fruits,Овощи и фрукты,"Смесь сладкая фруктово-ореховая ТВЕРДЫЙ ЗНАК Полезный перекус, 150г",269.99,https://lenta.com/product/smes-sladkaya-koktejjl-orehi-suhofrukty-rossiya-150g-532244/
fruits,Овощи и фрукты,"Огурцы короткоплодные ЛЕНТА FRESH колючие, 450г",129.99,https://lenta.com/product/ogurcy-korotkoplodnye-kolyuchie-rossiya-450g-520053/
fruits,Овощи и фрукты,"Морковь мытая, весовая",50.00,https://lenta.com/product/morkov-mytaya-ves-041424/
fruits,Овощи и фрукты,Салат Айсберг,149.99,https://lenta.com/product/salat-ajjsberg-kochan-1sht-198359/
fruits,Овощи и фрукты,"Киви, весовое",100.00,https://lenta.com/product/kivi-ves-019377/
fruits,Овощи и фрукты,"Мандарины, фасованные, весовые",379.98,https://lenta.com/product/mandariny-fas-ves-023670/
fruits,Овощи и фрукты,"Банан кубики, фасованный, весовой",250.00,https://lenta.com/product/banan-kubik-fas-ves-697558/
fruits,Овощи и фрукты,"Редис, 500г",99.99,https://lenta.com/product/redis-500g-172378/
fruits,Овощи и фрукты,"Крем-суп Овощной со сливками, 1л",349.99,https://lenta.com/product/krem-sup-ovoshchnojj-so-slivkami-sterilizovannyjj-i-asepticheski-upakovan-belarus-1000ml-627466/
fruits,Овощи и фрукты,"Ягодный микс мини АРТФРУТ Голубика и физалис, 150г",369.99,https://lenta.com/product/yagodnyjj-mini-miks-golubfiz-marokko-150g-737995/
fruits,Овощи и фрукты,"Манго сушеное DELIGHT SEASON Exotic натуральное, 250г",599.99,https://lenta.com/product/mango-sushenyjj-exotic-naturalnyjj-dojjpak-tailand-250g-733016/
fruits,Овощи и фрукты,Набор зелени для мохито,339.99,https://lenta.com/product/nabor-zeleni-dlya-mohito-1sht-370204/
fruits,Овощи и фрукты,"Баклажаны, весовые",100.00,https://lenta.com/product/baklazhany-ves-380001/
fruits,Овощи и фрукты,"Яблоки Гренни Смит, весовые",111.99,https://lenta.com/product/yabloki-grenni-smit-ves-1kg-111129/
fruits,Овощи и фрукты,"Томаты черри, 250г",139.99,https://lenta.com/product/tomaty-cherri-250g-029129/
fruits,Овощи и фрукты,"Смесь фруктово-ореховая PREMIUM CLUB К красному вину, 200г",299.99,https://lenta.com/product/smes-k-krasnomu-vinu-banka-rossiya-200g-698872/
fruits,Овощи и фрукты,"Укроп ЛЕНТА свежий, 50г",69.99,https://lenta.com/product/ukrop-svezhijj-up-50g-582271/
fruits,Овощи и фрукты,"Ассорти овощное ЛЕНТА острое, 800г",159.99,https://lenta.com/product/assorti-ovoshchnoe-ostroe-rossiya-800g-741691/
fruits,Овощи и фрукты,"Томаты ФЛАМЕНКО сливовидные, весовые",190.00,https://lenta.com/product/tomaty-slivovidnye-ves-rossiya-665719/
fruits,Овощи и фрукты,"Лук зеленый ЛЕНТА свежий, 100г",119.99,https://lenta.com/product/luk-svezhijj-up-100g-582272/
fruits,Овощи и фрукты,"Смесь Студенческая, весовая",100.00,https://lenta.com/product/smes-studencheskaya-ves-065236/
fruits,Овощи и фрукты,"Картофель красный молодой, весовой",40.00,https://lenta.com/product/kartofel-molodojj-krasnyjj-ves-011226/
fruits,Овощи и фрукты,"Чипсы апельсиновые, весовые",750.00,https://lenta.com/product/chipsy-apelsinovye-ves-886912/
fruits,Овощи и фрукты,"Набор свежей зелени (укроп, петрушка, зеленый лук), 100г",119.99,https://lenta.com/product/nabor-ukrop-petrushka-zelenyjj-luk-up-100g-582211/
fruits,Овощи и фрукты,"Чурчхела с грецким орехом в абрикосовом соке, весовая",480.00,https://lenta.com/product/churchhela-s-greckim-orehom-v-abrikosovom-soke-ves-rossiya-667504/
fruits,Овощи и фрукты,"Картофель, фасованный, весовой",199.95,https://lenta.com/product/kartofel-fas-ves-rossiya-598363/
fruits,Овощи и фрукты,"Бразильский орех очищенный, весовой",1000.00,https://lenta.com/product/brazilskijj-oreh-ochishchennyjj-ves-595878/
fruits,Овощи и фрукты,"Смесь фруктовая BONVIDA, 500г",429.99,https://lenta.com/product/smes-fruktovaya-rossiya-500g-730320/
fruits,Овощи и фрукты,"Хренодер ЛЕНТА, 300г",79.99,https://lenta.com/product/hrenoder-rossiya-300g-701229/
fruits,Овощи и фрукты,"Чипсы кокосовые, весовые",360.00,https://lenta.com/product/chipsy-kokosovye-ves-640022/
fruits,Овощи и фрукты,"Рамбутан, 150г",369.99,https://lenta.com/product/rambutan-150g-278306/
fruits,Овощи и фрукты,"Томаты сливовидные ФЛАМЕНКО, 450г",219.99,https://lenta.com/product/tomaty-slivovidnye-rossiya-450g-638569/
fruits,Овощи и фрукты,"Укроп ЛЕНТА свежий, 100г",109.99,https://lenta.com/product/ukrop-svezhijj-up-100g-582227/
fruits,Овощи и фрукты,"Огурец длинноплодный, шт",49.99,https://lenta.com/product/ogurcy-dlinnoplodnye-rossiya-1sht-026884/
fruits,Овощи и фрукты,"Томаты ЛЕНТА FRESH Бакинские, 350г",199.99,https://lenta.com/product/tomaty-bakinskie-350g-725599/
fruits,Овощи и фрукты,"Кукуруза маринованная Mexican, 450г",199.99,https://lenta.com/product/kukuruza-mexican-450g-720219/
fruits,Овощи и фрукты,"Яблоки Гольден, весовые",104.99,https://lenta.com/product/yabloki-golden-ves-1kg-068115/
fruits,Овощи и фрукты,"Маракуя сушеная, весовая",650.00,https://lenta.com/product/marakuya-sushenaya-ves-887032/
fruits,Овощи и фрукты,"Опята свежие, 200г",439.99,https://lenta.com/product/griby-opyata-svezhie-rossiya-200g-610831/
fruits,Овощи и фрукты,"Киви Gold, 2шт",149.99,https://lenta.com/product/kivi-gold-2-sht-603482/
fruits,Овощи и фрукты,"Крем-суп Овощной со сливками, 200мл",79.99,https://lenta.com/product/krem-sup-ovoshchnojj-so-slivkami-200-ml-731357/
fruits,Овощи и фрукты,"Салат листовой, в горшочке",89.99,https://lenta.com/product/salat-listovojj-v-gorshochke-rossiya-1sht-305012/
fruits,Овощи и фрукты,"Черешня АРТФРУТ, 250г",699.99,https://lenta.com/product/chereshnya-250g-729097/
fruits,Овощи и фрукты,"Груши Конференц, весовые",185.49,https://lenta.com/product/grusha-konferenc-ves-044185/
fruits,Овощи и фрукты,"Суп Томатный с зеленью, 1л",349.99,https://lenta.com/product/sup-tomatnyjj-s-zelenyu-sterilizovannyjj-i-asepticheski-upakovan-belarus-1000ml-627467/
fruits,Овощи и фрукты,"Лук красный, весовой",45.00,https://lenta.com/product/luk-krasnyjj-ves-052603/
fruits,Овощи и фрукты,Киви Голд,99.99,https://lenta.com/product/kivi-gold-1sht-227346/
fruits,Овощи и фрукты,"Коктейль ТВЕРДЫЙ ЗНАК сладкий орехи, изюм, 250г",399.99,https://lenta.com/product/koktejjl-sladkijj-orehi-izyum-rossiya-250g-177089/
fruits,Овощи и фрукты,"Шампиньоны, весовые",160.00,https://lenta.com/product/griby-shampinony-ves-364228/
fruits,Овощи и фрукты,"Вишня кубики, фасованная, весовая",250.00,https://lenta.com/product/vishnya-kubik-fas-ves-693230/
fruits,Овощи и фрукты,"Томаты тепличные, весовые",97.50,https://lenta.com/product/tomaty-teplichnye-ves-rossiya-135324/
fruits,Овощи и фрукты,"Огурцы среднеплодные Атлет колючие, 450г",169.99,https://lenta.com/product/ogurcy-sort-atlet-sredneplodnye-kolyuchie-450g-286180/
fruits,Овощи и фрукты,"Кокос питьевой с трубочкой, шт",469.99,https://lenta.com/product/kokos-pitevojj-s-trubochkojj-1sht-903692/
fruits,Овощи и фрукты,"Смесь ореховая SMAKKY жареная, 200г",189.99,https://lenta.com/product/smes-orehovaya-zharenaya-rossiya-200g-904250/
fruits,Овощи и фрукты,"Бананы сушеные, 100г",59.99,https://lenta.com/product/banany-sushenye-100g-323615/
fruits,Овощи и фрукты,"Перец желтый, весовой",94.50,https://lenta.com/product/perec-zheltyjj-ves-041205/
fruits,Овощи и фрукты,"Капуста брокколи, весовая",275.99,https://lenta.com/product/kapusta-brokkoli-ves-055648/
fruits,Овощи и фрукты,"Капуста белокочанная, весовая",89.98,https://lenta.com/product/kapusta-belokochannaya-ves-011189/
fruits,Овощи и фрукты,"Яблоки Гала Дарк Барон, весовые",125.99,https://lenta.com/product/yabloki-gala-dark-baron-ves-591664/
fruits,Овощи и фрукты,"Папайя АРТФРУТ, шт",999.99,https://lenta.com/product/papajjya-1sht-639927/
fruits,Овощи и фрукты,"Грецкий орех ОРЕХОВАЯ ДОЛИНА, 250г",249.99,https://lenta.com/product/greckijj-oreh-rossiya-250g-748337/
fruits,Овощи и фрукты,"Огурцы короткоплодные грунтовые, весовые",32.50,https://lenta.com/product/ogurcy-korotkoplodnye-gruntovye-ves-011993/
fruits,Овощи и фрукты,"Джекфрут красный, 150г",369.99,https://lenta.com/product/dzhekfrut-krasnyjj-150g-888785/
fruits,Овощи и фрукты,"Смесь фруктово-ореховая PREMIUM CLUB К коньяку, 170г",299.99,https://lenta.com/product/smes-k-konyaku-banka-rossiya-170g-698863/
fruits,Овощи и фрукты,"Груши Аббат, весовые",100.00,https://lenta.com/product/grusha-abbat-ves-422721/
fruits,Овощи и фрукты,"Джекфрут желтый, дольки, 150г",369.99,https://lenta.com/product/dzhekfrut-zheltyjj-150g-740856/
fruits,Овощи и фрукты,"Томаты черри ФЛАМЕНКО красные, 250г",199.99,https://lenta.com/product/tomaty-cherri-krasnye-250g-720789/
fruits,Овощи и фрукты,"Лонган АРТФРУТ, 250г",329.99,https://lenta.com/product/longan-250g-640203/
fruits,Овощи и фрукты,"Томаты черри красные тепличные, 200г",149.99,https://lenta.com/product/tomaty-cherri-krasnye-teplichnye-rossiya-200g-656498/
fruits,Овощи и фрукты,"Авокадо ЛЕНТА FRESH Хасс ready to eat, 2шт",199.99,https://lenta.com/product/avokado-hass-ready-to-eat-2sht-770954/
fruits,Овощи и фрукты,"Фундук жареный, весовой",500.00,https://lenta.com/product/funduk-zharenyjj-yadro-ves-099411/
fruits,Овощи и фрукты,"Картофель новый урожай, фасованный, весовой",374.98,https://lenta.com/product/kartofel-novyjj-urozhajj-fas-ves-azerbajjdzhan-187383/
fruits,Овощи и фрукты,"Курага DOLCE ALBERO натуральная без косточки, 200г",249.99,https://lenta.com/product/kuraga-naturalnaya-bez-kostochki-rossiya-200g-471037/
fruits,Овощи и фрукты,"Фисташки ЭДЕН ГАРДЕН со вкусом томаты-чеснок, 100г",234.99,https://lenta.com/product/fistashki-so-vkusom-tomaty-chesnok-rossiya-100g-749800/
fruits,Овощи и фрукты,"Огурцы соленые ФЭГ, 300г",149.99,https://lenta.com/product/ogurcy-solenye-vu-rossiya-300g-684526/
fruits,Овощи и фрукты,"Миндаль SMAKKY жареный, чеснок и имбирь, 150г",149.99,https://lenta.com/product/mindal-zharenyjj-chesnok-i-imbir-rossiya-150g-703118/
fruits,Овощи и фрукты,"Кешью SMAKKY жареный, перец, 150г",249.99,https://lenta.com/product/keshyu-zharenyjj-perec-rossiya-150g-703075/
fruits,Овощи и фрукты,"Кинза свежая, 50г",99.99,https://lenta.com/product/kinza-svezhaya-up-50g-582308/
fruits,Овощи и фрукты,"Коктейль ягодный DOLCE ALBERO, 200г",319.99,https://lenta.com/product/koktejjl-yagodnyjj-rossiya-200g-543953/
fruits,Овощи и фрукты,"Яблоки Айдаред, весовые",115.49,https://lenta.com/product/yabloki-ajjdared-ves-043027/
fruits,Овощи и фрукты,"Грибы варено-соленые ФЕРМА 1913 Ассорти, 285г",299.99,https://lenta.com/product/griby-assorti-vareno-solen-rossiya-285g-463003/
fruits,Овощи и фрукты,"Салат Шпинат, 75г",119.99,https://lenta.com/product/salat-shpinat-75g-279196/
fruits,Овощи и фрукты,"Основа для напитка NORDIC FRESH Тархун и яблоко, с соком яблока и эстрагоном, 60г",114.99,https://lenta.com/product/osnova-dlya-napitka-tarhun-i-yabloko-s-sokom-yabloka-i-estragonom-zam-rossiya-60g-741143/
fruits,Овощи и фрукты,"Грузди белые сыросоленые ФЕРМА 1913, 285г",409.99,https://lenta.com/product/gruzdi-belye-syrosoljnye-rossiya-285g-726155/
fruits,Овощи и фрукты,"Фундук в скорлупе, весовой",225.00,https://lenta.com/product/funduk-v-skorlupe-ves-178338/
fruits,Овощи и фрукты,"Кешью SMAKKY жареный, лук со сметаной, 150г",249.99,https://lenta.com/product/keshyu-zharenyjj-luk-so-smetanojj-rossiya-150g-703076/
fruits,Овощи и фрукты,"Чеснок, весовой",36.00,https://lenta.com/product/chesnok-ves-011187/
fruits,Овощи и фрукты,"Изюм Томсон Джамбо, весовой",107.50,https://lenta.com/product/izyum-tomson-dzhambo-ves-453208/
fruits,Овощи и фрукты,"Кокос сушеный, весовой",325.00,https://lenta.com/product/kokos-sushenyjjves-887138/
fruits,Овощи и фрукты,"Опята варено-соленые ФЕРМА 1913, 285г",289.99,https://lenta.com/product/griby-opyata-vareno-solenye-rossiya-285g-494576/
fruits,Овощи и фрукты,"Набор свежей зелени укроп и петрушка, 40г",69.99,https://lenta.com/product/nabor-svezhejj-zeleni-ukroppetrushka-rossiya-40g-691791/
fruits,Овощи и фрукты,"Мандарины, весовые",65.00,https://lenta.com/product/mandariny-ves-011458/
fruits,Овощи и фрукты,"Миндаль SMAKKY жареный, манчи масала, 150г",219.99,https://lenta.com/product/mindal-zharenyjj-manchi-masala-rossiya-150g-703077/
fruits,Овощи и фрукты,"Черешня, 250г",699.90,https://lenta.com/product/chereshnya-250g-025446/
fruits,Овощи и фрукты,"Соус ФЭГ По-итальянски с прованскими травами, 240г",92.99,https://lenta.com/product/sous-po-italyanski-s-provanskimi-travami-rossiya-240g-551688/
fruits,Овощи и фрукты,"Огурцы ЛЕНТА FRESH корнишоны, 300г",189.99,https://lenta.com/product/ogurcy-kornishony-rossiya-300g-520055/
fruits,Овощи и фрукты,"Шампиньоны ЛЕНТА FRESH, 400г",169.99,https://lenta.com/product/griby-shampinony-svezhie-400g-558630/
fruits,Овощи и фрукты,"Апельсины отборные Навел, весовые",101.49,https://lenta.com/product/apelsiny-navel-otbornye-ves-611182/
fruits,Овощи и фрукты,"Манго сушеное SUN AND LIFE, 500г",549.99,https://lenta.com/product/mango-sushenye-vetnam-500g-697463/
fruits,Овощи и фрукты,"Лавровый лист, 50г",169.99,https://lenta.com/product/lavrovyjj-list-50g-272325/
fruits,Овощи и фрукты,"Апельсин сушеный ЛЕНТА кольца, 150г",249.99,https://lenta.com/product/kolca-apelsinovye-sushenye-tailand-150g-865905/
fruits,Овощи и фрукты,"Манго, кубики, 500г",399.99,https://lenta.com/product/mango-kubiki-kitajj-500g-706429/
fruits,Овощи и фрукты,"Крем-суп Тыквенный с кокосовыми сливками, 1л",349.99,https://lenta.com/product/krem-sup-tykvennyjj-s-kokosovymi-slivkami-sterilizovannyjj-i-asepticheski-upakovan-belarus-1000ml-627791/
fruits,Овощи и фрукты,"Фасоль молодая замороженная И ЗИМОЙ И ЛЕТОМ Европейская, 400г",199.99,https://lenta.com/product/fasol-evropejjskaya-molodaya-zam-rossiya-400g-556153/
fish,"Рыба, икра, морепродукты","Минтай солено-сушеный РЫБНИК палочки, весовые",599.73,https://lenta.com/product/mintajj-palochki-soleno-sushenye-ves-rossiya-629260/
fish,"Рыба, икра, морепродукты","Марлин холодного копчения ЛЕНТА FRESH филе-кусок, весовой",1999.99,https://lenta.com/product/marlin-file-kusok-holodnogo-kopcheniya-rossiya-748336/
fish,"Рыба, икра, морепродукты","Икра ленского осетра ROYAL BLACK, 50г",5299.99,https://lenta.com/product/ikra-osetrovaya-lenskogo-osetra-paster-stb-tvist-rossiya-50g-262577/
fish,"Рыба, икра, морепродукты","Саворин холодного копчения ЛЕНТА FRESH потрошеный без головы, весовой",1199.99,https://lenta.com/product/savorin-potroshenyjj-obezglavlennyjj-holodnogo-kopcheniya-rossiya-610157/
fish,"Рыба, икра, морепродукты","Форель ЛЕНТА FRESH По-домашнему, весовая",1599.90,https://lenta.com/product/forel-po--domashnemu-rossiya-731043/
fish,"Рыба, икра, морепродукты","Форель Радужная слабосоленая ЛЕНТА FRESH филе-кусок на коже, весовая",2199.99,https://lenta.com/product/forel-raduzhnaya-file-kusok-na-kozhe-malosoljnaya-rossiya-735907/
fish,"Рыба, икра, морепродукты","Икра осетровая ROYAL BLACK зернистая, 100г",5999.99,https://lenta.com/product/ikra-osetrovaya-zernistaya-pasterizovannaya-stb-rossiya-100g-586508/
fish,"Рыба, икра, морепродукты","Мидии ШИФУДО мясо в соусе Том-Ям, 100г",104.99,https://lenta.com/product/midii-myaso-v-souse-tom-yam-rossiya-100g-749645/
fish,"Рыба, икра, морепродукты","Семга слабосоленая РЫБНИК кусок, 150г",434.19,https://lenta.com/product/semga-kusok-ss-vu-rossiya-150g-629212/
fish,"Рыба, икра, морепродукты","Креветка свежемороженая ШИФУДО 40–50, 2кг",1684.99,https://lenta.com/product/krevetka-sm-40-50-iran-2000g-740024/
fish,"Рыба, икра, морепродукты","Риет ПУТИНА Chef Rillettes с томатом и базиликом, 100г",130.69,https://lenta.com/product/riet-iz-ikry-treski-s-tomatom-i-bazilikom-stb-rossiya-100g-555411/
fish,"Рыба, икра, морепродукты","Судак ЛЕНТА FRESH филе (из замороженного сырья), весовой",899.99,https://lenta.com/product/sudak-file-razmorozhennoe-rossiya-302073/
fish,"Рыба, икра, морепродукты","Морской коктейль РУССКОЕ МОРЕ Антипасти, в масле с творожным сыром и вялеными томатами, 180г",239.99,https://lenta.com/product/morskojj-koktejjl-antipasti-v-masle-s-tvorozhnym-syrom-i-vyalenymi-tomatami-belarus-180g-904918/
fish,"Рыба, икра, морепродукты","Форель слабосоленая РЫБНИК кусок, 150г",364.99,https://lenta.com/product/forel-kusok-ss-vu-rossiya-150g-629261/
fish,"Рыба, икра, морепродукты","Горбуша солено-сушеная РЫБНИК палочки филе, весовая",630.00,https://lenta.com/product/gorbusha-file-soleno-sushenoe-palochki-ves-rossiya-629175/
fish,"Рыба, икра, морепродукты","Креветки северные варено-мороженые FISH & MORE в панцире 80/100, 750г",859.99,https://lenta.com/product/krevetka-severnaya-vm-sg-v-pancire-80100-rossiya-750g-565757/
fish,"Рыба, икра, морепродукты","Креветки северные варено-мороженые AURORA 90–120, глазурь 14%, 500г",549.99,https://lenta.com/product/krevetki-severnye-vm-90-120-glazur-14-rossiya-500g-714223/
fish,"Рыба, икра, морепродукты","Креветки Королевские белоногие варено-мороженые ШИФУДО в соусе Том-Ям, очищенные, 100г",389.99,https://lenta.com/product/krevetki-korolevskie-belonogie-ochishchennye-v-souse-tom-yam-vm-rossiya-100g-749647/
fish,"Рыба, икра, морепродукты","Икра нерки ГУРМАН зернистая, 400г",4899.99,https://lenta.com/product/ikra-nerki-zernistaya-rossiya-400g-862210/
fish,"Рыба, икра, морепродукты","Мясо мидий AURORA в белом соусе, на створках, 500г",464.99,https://lenta.com/product/myaso-midijj-na-stvorkah-belom-souse-rossiya-500g-722903/
fish,"Рыба, икра, морепродукты","Икра стерляди ПУТИНА зернистая, 50г",3599.99,https://lenta.com/product/ikra-osetrovaya-zernistaya-sterlyadi-zhb-rossiya-50g-722682/
fish,"Рыба, икра, морепродукты","Паштет рыбный ХАМЕ Треска, 80г",109.99,https://lenta.com/product/pashtet-treska-zhb-rossiya-80g-713611/
fish,"Рыба, икра, морепродукты","Хек, филе (из замороженного сырья), весовой",649.99,https://lenta.com/product/pf-hek-file-iz-zamsyrya-rossiya-342300/
fish,"Рыба, икра, морепродукты","Креветки Королевские белоногие варено-мороженые ШИФУДО в соусе Сливочный Васаби, очищенные, 100г",389.99,https://lenta.com/product/krevetki-korolevskie-belonogie-ochishchennye-v-souse-slivochnyjj-vasabi-vm-rossiya-100g-749648/
fish,"Рыба, икра, морепродукты","Треска, филе (лойн), весовая",1050.00,https://lenta.com/product/treska-spinka-fileloin-ohl-ves-rossiya-440453/
fish,"Рыба, икра, морепродукты","Форель холодного копчения ЭКСТРА ФИШ ломтики, 100г",284.99,https://lenta.com/product/forel-lomtiki-hk-vu-rossiya-100g-747775/
fish,"Рыба, икра, морепродукты","Чехонь вяленая неразделанная, весовая",258.00,https://lenta.com/product/chehon-vyal-nr-ves-rossiya-608557/
fish,"Рыба, икра, морепродукты","Сиг охлажденный потрошенный с головой, весовой",639.99,https://lenta.com/product/sig-potr-sg-ohl-ves-rossiya-725954/
fish,"Рыба, икра, морепродукты","Риет FISH STORIES из тунца желтоперого, 115г",139.99,https://lenta.com/product/rk-riet-iz-tunca-zheltoperogo-zhb-rossiya-115g-887867/
fish,"Рыба, икра, морепродукты","Икра рыбная ПУТИНА с крабовым мясом (имитация), 160г",109.99,https://lenta.com/product/ikra-rybnaya-s-krabovym-myasom-imitaciya-rossiya-160g-768297/
fish,"Рыба, икра, морепродукты","Икра лососевая имитированная КАМЧАТСКОЕ МОРЕ структурированная, 95г",204.99,https://lenta.com/product/ikra-imitirovannaya-lososevaya-strukturirovannaya-imitirovannaya-past-zhb-rossiya-95g-669259/
fish,"Рыба, икра, морепродукты","Креветки северные варено-мороженые ШИФУДО 150+, 4кг",2699.99,https://lenta.com/product/krevetka-severnaya-vm-150-rossiya-4000g-862213/
fish,"Рыба, икра, морепродукты","Ролл Калифорния с креветкой, 240г",349.99,https://lenta.com/product/roll-kaliforniya-s-krevetkojj-rossiya-240g-904066/
fish,"Рыба, икра, морепродукты","Минтай замороженный ALAND с петрушкой, тимьяном и орегано, филе в панировке, 300г",219.99,https://lenta.com/product/mintajj-file-v-panirovke-s-petrushkojj-timyanom-i-oregano-rossiya-300g-906105/
fish,"Рыба, икра, морепродукты","Кижуч Тихоокеанский слабосоленый ЛЕНТА FRESH филе-кусок, весовая",2599.99,https://lenta.com/product/kizhuch-tihookeanskijj-file---kusok-malosolenyjj-rossiya-864797/
fish,"Рыба, икра, морепродукты","Кальмар GRACE FOOD стрипсы, 500г",549.99,https://lenta.com/product/kalmar-stripsy-kitajj-500g-744786/
fish,"Рыба, икра, морепродукты","Палтус Синекорый замороженный НОВАЯ АЛЯСКА филе без кожи, 400г",1199.99,https://lenta.com/product/paltus-sinekoryjj-file-bez-kozhi-bk-zam-rossiya-400g-743512/
fish,"Рыба, икра, морепродукты","Минтай замороженный ЛЕНТА филе порционное без кожи, 400г",259.99,https://lenta.com/product/mintajj-file-porcionnoe-bez-kozhi-zam-rossiya-400g-703944/
fish,"Рыба, икра, морепродукты","Пескадилия Атлантическая тушка неразделанная с головой (из размороженного сырья), весовой",349.99,https://lenta.com/product/peskadiliya-atlanticheskaya-tushka-nerazdelannaya-s-golovojj-razmorozhennaya-rossiya-897812/
fish,"Рыба, икра, морепродукты","Сельдь Тихоокеанская соленая ПУТИНА филе и икра ястычная в масле, 230г",249.99,https://lenta.com/product/seld-yastychnaya-tihookeanskaya-solenoe-file-i-ikra-v-masle-rossiya-230g-881712/
fish,"Рыба, икра, морепродукты","Икра горбуши соленая ПУТИНА лососевая зернистая, 240г",3299.99,https://lenta.com/product/ikra-gorbushi-gzhel-zernistaya-lososevaya-solenaya-stb-rossiya-240g-862167/
fish,"Рыба, икра, морепродукты","Кальмар замороженный POLAR неочищенный, тушка, 500г",399.99,https://lenta.com/product/kalmar-tushka-neochishchennaya-zam-rossiya-500g-551344/
fish,"Рыба, икра, морепродукты","Онигири РЕСТО ШИК с крабовым мясом, 120г",109.99,https://lenta.com/product/onigiri-s-krabovym-myasom-rossiya-120g-866631/
fish,"Рыба, икра, морепродукты","Форель Радужная ЛЕНТА FRESH потрошеная с головой 1–2кг, охлажденная, весовая",1049.99,https://lenta.com/product/forel-raduzhnaya-potr-sg-1-2kg-ohl-ves-440454/
fish,"Рыба, икра, морепродукты","Морской коктейль РУССКОЕ МОРЕ Антипасти, в масле с творожным сыром и сладким перцем, 180г",239.99,https://lenta.com/product/morskojj-koktejjl-antipasti-v-masle-s-tvorozhnym-syrom-i-sladkim-percem-belarus-180g-904837/
fish,"Рыба, икра, морепродукты","Плов КАПИТАН ВКУСОВ с тунцом, 230г",219.99,https://lenta.com/product/rk-plov-s-tuncom-rossiya-230g-897693/
fish,"Рыба, икра, морепродукты","Сельдь Тихоокеанская соленая ОКЕАН неразделанная, 250г",119.99,https://lenta.com/product/seld-tihookeanskaya-nr-solenaya-vu-rossiya-250g-747960/
fish,"Рыба, икра, морепродукты","Тунец ЛЕНТА филе в собственном соку, 160г",139.99,https://lenta.com/product/rybnye-konservy-tunec-file-v-ss-kitajj-tailand-160g-389798/
fish,"Рыба, икра, морепродукты","Форель слабосоленая ДАРЫ ОКЕАНА ломтики, 100г",239.99,https://lenta.com/product/forel-lomtiki-ss-vu-rossiya-100g-594452/
fish,"Рыба, икра, морепродукты","Котлета рыбная РЫББИТСЫ филе минтая в панировке, 256г",189.99,https://lenta.com/product/rybnaya-kotleta-file-mintaya-v-panirovke-rossiya-256g-904868/
fish,"Рыба, икра, морепродукты","Паштет УЛЬТРАМАРИН из мяса антарктического криля, 105г",129.99,https://lenta.com/product/rybnye-pashtet-iz-myasa-krilya-antarkticheskijj-klyuch-rossiya-105g-707450/
fish,"Рыба, икра, морепродукты","Икра стерляди ROYAL BLACK, 50г",2999.99,https://lenta.com/product/ikra-sterlyadi-past-tvist-stb-rossiya-50g-262578/
fish,"Рыба, икра, морепродукты","Минтай вяленый с перцем, филе, весовой",690.00,https://lenta.com/product/mintajj-file-s-percem-vyalenoe-ves-rossiya-743179/
fish,"Рыба, икра, морепродукты","Кальмар замороженный AQUA PRODUKT соломка, 400г",439.99,https://lenta.com/product/kalmar-solomka-rossiya-400g-374570/
fish,"Рыба, икра, морепродукты","Риет ПУТИНА Chef Rillettes с крабом, 100г",159.49,https://lenta.com/product/riet-iz-ikry-treski-tihookeanskojj-s-krabom-kamchatskim-stb-rossiya-100g-555353/
fish,"Рыба, икра, морепродукты","Скумбрия холодного копчения ЭКСТРА ФИШ кусочки, 300г",334.99,https://lenta.com/product/skumbriya-kusochki-hk-vu-rossiya-300g-720177/
fish,"Рыба, икра, морепродукты","Форель слабосоленая РЫБНИК ломтики, 100г",249.99,https://lenta.com/product/forel-lomtiki-ss-vu-rossiya-100g-629221/
fish,"Рыба, икра, морепродукты","Сельдь малосольная АТЛАНТИКА филе-кусочки в масле, 400г",209.99,https://lenta.com/product/seld-malosolnaya-file-kusochki-v-masle-rossiya-400g-898395/
fish,"Рыба, икра, морепродукты","Риет ПУТИНА Chef Rillettes с оливками и сыром пармезан, 100г",143.69,https://lenta.com/product/riet-iz-ikry-treski-tihookeanskojj-s-olivkami-i-syrom-parmezan-st-rossiya-100g-555420/
fish,"Рыба, икра, морепродукты","Кальмар ШИФУДО фаршированный тремя видами сыра и зеленью, 250г",469.99,https://lenta.com/product/kalmar-farshirovannyjj-tremya-vidami-syra-i-zelenyu-rossiya-250g-749644/
fish,"Рыба, икра, морепродукты","Форель холодного копчения ЭКСТРА ФИШ хребты, весовая",410.00,https://lenta.com/product/forel-hrebty-hk-ves-rossiya-743003/
fish,"Рыба, икра, морепродукты","Форель Радужная слабосоленая ФЬЕРДИКА филе-кусок, 200г",549.99,https://lenta.com/product/forel-raduzhnaya-slabosolenaya-file-kusok-vu-rossiya-200g-746802/
fish,"Рыба, икра, морепродукты","Нерка холодного копчения WISH FISH ломтики, 100г",279.99,https://lenta.com/product/nerka-lomtiki-hk-rossiya-100g-676208/
fish,"Рыба, икра, морепродукты","Кальмар GRACE FOOD кольца в панировке, 300г",319.99,https://lenta.com/product/kalmar-kolca-v-panirovke-kitajj-300g-744787/
fish,"Рыба, икра, морепродукты","Мидии варено-мороженые ШИФУДО мясо 200/300, 300г",394.99,https://lenta.com/product/midii-myaso-vm-200300-lotok-rossiya-300g-740529/
fish,"Рыба, икра, морепродукты","Креветки Королевские варено-мороженые, в панцире с головой 50/70, весовые",323.40,https://lenta.com/product/krevetki-korolevskie-varenomorozhenye-sg-5070-ves-152153/
fish,"Рыба, икра, морепродукты","Крабовые палочки VICI, 1000г",429.99,https://lenta.com/product/krabovye-palochki-zam-rossiya-1000g-070814/
fish,"Рыба, икра, морепродукты","Икра мойвы САНТА БРЕМОР Икра №1, деликатесная с копченым лососем, 180г",134.99,https://lenta.com/product/ikra-mojjvy-delikatesnaya-s-kopchenym-lososem-belarus-180g-515385/
fish,"Рыба, икра, морепродукты","Креветки Королевские замороженные, в заливке со специями, 600г",589.99,https://lenta.com/product/krevetka-korolevskaya-v-zalivke-so-speciyami-rossiya-600g-728799/
fish,"Рыба, икра, морепродукты","Килька TASTY TINS По-мексикански в томатном соусе, 240г",84.99,https://lenta.com/product/rk-kilka-po-meksikanski-v-tomatnom-souse-zhb-rossiya-240g-894667/
fish,"Рыба, икра, морепродукты","Крокер Атлантический тушка неразделанный с головой (из размороженного сырья), весовой",399.99,https://lenta.com/product/kroker-atlanticheskijj-tushka-nerazdelannaya-s-golovojj-razmorozhennaya-rossiya-897813/
fish,"Рыба, икра, морепродукты","Икра кеты ТРИ КИТА зернистая, 400г",4899.99,https://lenta.com/product/ikra-kety-zernistaya-rossiya-400g-862209/
fish,"Рыба, икра, морепродукты","Судак вяленый, весовой",390.00,https://lenta.com/product/sudak-vyalenyjj-ves-rossiya-078799/
fish,"Рыба, икра, морепродукты","Кальмар замороженный AQUA PRODUKT кольца, 400г",444.99,https://lenta.com/product/kalmar-kolca-rossiya-400g-374571/
fish,"Рыба, икра, морепродукты","Горбуша PREMIUM CLUB в соусе 1000 островов, 185г",229.99,https://lenta.com/product/rybnye-konservy-gorbusha-v-souse-1000-ostrovov-rossiya-185g-655008/
fish,"Рыба, икра, морепродукты","Креветки Королевские сыромороженые ШИФУДО в панцире с головой с разрезом на спинке, бабочка, 300г",799.99,https://lenta.com/product/krevetka-korolevskaya-sg-v-pancire-s-razrezom-babochka-rossiya-300g-862214/
fish,"Рыба, икра, морепродукты","Сельдь Тихоокеанская VICI По-скандинавски, филе в масле, 240г",159.99,https://lenta.com/product/seld-file-v-masle-po-skandinavski-rossiya-240g-505629/
fish,"Рыба, икра, морепродукты","Сельдь Тихоокеанская ОКЕАН филе-кусочки в ароматизированном масле, 180г",139.99,https://lenta.com/product/seld-tihookeanskaya-file-kusochki-v-aromatizirovannom-masle-rossiya-180g-747959/
fish,"Рыба, икра, морепродукты","Форель холодного копчения WISH FISH филе-кусок, 150г",329.99,https://lenta.com/product/forel-file-kusok-hk-rossiya-150g-746555/
fish,"Рыба, икра, морепродукты","Желтый полосатик сушено-вяленый, весовой",599.70,https://lenta.com/product/zheltyjj-polosatik-sushenyjj-ves-rossiya-378743/
fish,"Рыба, икра, морепродукты","Форель холодного копчения ЛЕНТА филе-кусок, 130г",329.99,https://lenta.com/product/forel-file-kusok-hk-vu-rossiya-130g-888443/
fish,"Рыба, икра, морепродукты","Семга подкопченная РУССКОЕ МОРЕ филе-кусок, 300г",1174.99,https://lenta.com/product/semga-file-kusok-podkopchennyjj-belarus-300g-018194/
fish,"Рыба, икра, морепродукты","Кижуч слабосоленый МЕРИДИАН ломтики, 120г",449.99,https://lenta.com/product/kizhuch-lomtiki-ss-rossiya-120g-269903/
fish,"Рыба, икра, морепродукты","Минтай замороженный ALAND с базиликом, розмарином и орегано, филе в панировке, 300г",219.99,https://lenta.com/product/mintajj-file-v-panirovke-s-bazilikom-rozmarinom-i-oregano-rossiya-300g-906106/
fish,"Рыба, икра, морепродукты","Сельдь VICI Из бочки, филе с кожей в рассоле с пряностями, 250г",129.99,https://lenta.com/product/seld-iz-bochki-file-s-kozhejj-v-rassole-s-pryanostyami-rossiya-250g-442357/
fish,"Рыба, икра, морепродукты","Креветки Королевские варено-мороженые POLAR неразделанные 110/130, 500г",364.99,https://lenta.com/product/krevetki-korolevskie-nr-vm-110130-rossiya-500g-662569/
fish,"Рыба, икра, морепродукты","Горбуша Тихоокеанская РЫБНЫЙ СТАНДАРТ №1 натуральная, 240г",208.99,https://lenta.com/product/rybnaya-konserva-gorbusha-naturalnaya-tihookeanskaya-rossiya-240g-774219/
fish,"Рыба, икра, морепродукты","Икра горбуши ТРИ КИТА зернистая, 400г",4499.99,https://lenta.com/product/ikra-gorbushi-zernistaya-rossiya-400g-862208/
fish,"Рыба, икра, морепродукты","Икра минтая подкопченная в масле, весовая",280.00,https://lenta.com/product/ikra-mintaya-podkopchennaya-v-masle-ves-rossiya-883737/
fish,"Рыба, икра, морепродукты","Сельдь АТЛАНТИКА филе-кусочки в масле с лучком, 400г",204.99,https://lenta.com/product/seld-fk-v-masle-s-luchkom-rossiya-400g-678609/
fish,"Рыба, икра, морепродукты","Икра лососевая ЛЕНТА зернистая, 1-й сорт, 140г",1119.99,https://lenta.com/product/ikra-lososevaya-zernistaya-1-sort-zhb-rossiya-140g-526894/
fish,"Рыба, икра, морепродукты","Сельдь МЕРИДИАН филе-кусочки в масле с дымком, 480г",259.99,https://lenta.com/product/seld-file-kusochki-v-masle-s-dymkom-rossiya-480g-336584/
fish,"Рыба, икра, морепродукты","Коктейль из морепродуктов MARE Оливковый Прованс, в масле с розмарином и орегано, 150г",164.99,https://lenta.com/product/morskojj-koktejjl-iz-moreproduktov-v-masle-s-rozmarinom-i-oregano-rossiya-150g-715690/
fish,"Рыба, икра, морепродукты","Сельдь Тихоокеанская БАЛТИЙСКИЙ БЕРЕГ По-царски, филе-кусочки в масле с ароматом дыма, 400г",234.99,https://lenta.com/product/seld-po-carski-tihookeanskaya-file-kusochki-v-masle-s-aromatom-dyma-rossiya-400g-686392/
fish,"Рыба, икра, морепродукты","Скумбрия ВКУСНЫЕ КОНСЕРВЫ Атлантическая натуральная с добавлением масла, 250г",149.99,https://lenta.com/product/rk-skumbriya-atlanticheskaya-naturalnaya-s-dobavleniem-masla-klyuch-rossiya-250g-542326/
fish,"Рыба, икра, морепродукты","Салака не потрошеная с головой (из замороженного сырья), весовая",349.99,https://lenta.com/product/salaka-ne-potroshenaya-s-golovojj-razmorozhennaya-rossiya-888751/
fish,"Рыба, икра, морепродукты","Густера вяленая, весовая",123.00,https://lenta.com/product/gustera-vyalenaya-ves-rossiya-156092/
fish,"Рыба, икра, морепродукты","Форель холодного копчения ДАРЫ ОКЕАНА филе-кусок на коже, 150г",379.99,https://lenta.com/product/forel-file-kusok-na-kozhe-hk-vu-rossiya-150g-594455/
fish,"Рыба, икра, морепродукты","Семга слабосоленая WISH FISH филе-ломтики, 100г",359.99,https://lenta.com/product/sjmga-file-lomtiki-cc-rossiya-100g-898073/
fish,"Рыба, икра, морепродукты","Камбала вяленая ОКЕАН, весовая",435.00,https://lenta.com/product/kambala-vyalenaya-ves-rossiya-516139/
fish,"Рыба, икра, морепродукты","Крабовые палочки замороженные 365 ДНЕЙ (имитация), 1000г",379.99,https://lenta.com/product/krabovye-palochki-imitaciya-zam-rossiya-1000g-110410/
fish,"Рыба, икра, морепродукты","Горбуша Тихоокеанская КАПИТАН ВКУСОВ кусковая в натуральной заливке, 200г",124.99,https://lenta.com/product/rk-gorbusha-tihookeanskaya-kuski-v-naturalnojj-zalivke-st-rossiya-200g-709251/
fish,"Рыба, икра, морепродукты","Печень трески ЯНТАРНОЕ натуральная, 120г",399.99,https://lenta.com/product/rk-pechen-treski-naturalnaya-rossiya-120g-883717/
fish,"Рыба, икра, морепродукты","Крабовые палочки VICI 200+20г, 220г",88.99,https://lenta.com/product/krabovye-palochki-ohlazhdennye--imitaciya-surimi--rossiya-220g-598290/
fish,"Рыба, икра, морепродукты","Салат из морской капусты ЛЕНТА, 220г",64.99,https://lenta.com/product/salat-iz-morskojj-kapusty-rossiya-220g-901373/
fish,"Рыба, икра, морепродукты","Икра лососевая КРАСНОЕ ЗОЛОТО 1-й сорт, 500г",5499.99,https://lenta.com/product/ikra-lososevaya-1-sort-rossiya-500g-264584/
fish,"Рыба, икра, морепродукты","Кижуч ШИФУДО филе с соусом Песто с печеной свеклой, 170г",669.99,https://lenta.com/product/ryba-file-s-sousom-pesto-s-otvarnojj-sveklojj-rossiya-170g-749646/
fish,"Рыба, икра, морепродукты","Коктейль из морепродуктов маринованный VICI Морской, с креветками (имитация) в масле, 360г",244.99,https://lenta.com/product/koktejjl-morskojj-iz-moreproduktov-s-krevetkami-imitaciya-v-masle-rossiya-360g-599372/
fish,"Рыба, икра, морепродукты","Путассу холодного копчения ALAND, 200г",139.99,https://lenta.com/product/putassu-holodnogo-kopcheniya-rossiya-200g-899812/
fish,"Рыба, икра, морепродукты","Форель слабосоленая ВЫБОР СЕМЬИ филе-кусок, 250г",489.99,https://lenta.com/product/forel-file-kusok-ss-vu-rossiya-250g-695243/
fish,"Рыба, икра, морепродукты","Кальмар GRACE FOOD очищенный, тушка, 500г",599.99,https://lenta.com/product/kalmar-tushki-ochishchennye-kitajj-500g-745052/
fish,"Рыба, икра, морепродукты","Пангасиус замороженный ВКУСАРТ медальон, 400г",299.99,https://lenta.com/product/pangasius-medalon-zam-rossiya-400g-715874/
fish,"Рыба, икра, морепродукты","Горбуша натуральная, 240г",128.23,https://lenta.com/product/rk-gorbusha-naturalnaya-rossiya-240g-000021/
fish,"Рыба, икра, морепродукты","Тунец МАГУРО с овощами, 230г",269.99,https://lenta.com/product/rk-tunec-s-ovoshchami-rossiya-230g-897053/
fish,"Рыба, икра, морепродукты","Скумбрия слабосоленая ЭКСТРА ФИШ кусочки, 300г",299.99,https://lenta.com/product/skumbriya-kusochki-ss-vu-rossiya-300g-897787/
fish,"Рыба, икра, морепродукты","Ризотто МАГУРО с тунцом, 230г",219.99,https://lenta.com/product/rk-rizotto-s-tuncom-rossiya-230g-897028/
fish,"Рыба, икра, морепродукты","Форель ЛЕНТА FRESH живая, весовая",1598.99,https://lenta.com/product/forel-zhivaya-ves-rossiya-297300/
fish,"Рыба, икра, морепродукты","Икра сельди пряного посола РУССКОЕ МОРЕ К картошке, в масляной заливке, 150г",209.99,https://lenta.com/product/ikra-seldi-k-kartoshke-pryanogo-posola-v-maslyanojj-zalivke-belarus-150g-749204/
fish,"Рыба, икра, морепродукты","Лосось Атлантический ЛЕНТА FRESH стейк (из замороженного сырья), весовой",800.00,https://lenta.com/product/losos-atlanticheskijj-stejjk-razmorozhennyjj-rossiya-299997/
fish,"Рыба, икра, морепродукты","Креветки Королевские варено-мороженые VICI в панцире 30/40, 1000г",1309.99,https://lenta.com/product/krevetki-korolevskie-v-pancire-vm-3040-rossiya-1000g-239647/
dairy,Молочные продукты,"Яйцо куриное ОКСКОЕ С1, 10шт",108.89,https://lenta.com/product/yajjco-kurinoe-s1-rossiya-10sht-139201/
dairy,Молочные продукты,"Сметана ДОМИК В ДЕРЕВНЕ 15%, без змж, 300г",79.99,https://lenta.com/product/smetana-15-mst-bez-zmzh-rossiya-300g-463130/
dairy,Молочные продукты,"Подарочный набор детский КОНФИТРЕЙД Трубочки для молока Банан, шоколад, ваниль без змж, 18г",149.99,https://lenta.com/product/podarochnyjj-nabor-trubochki-dmol-bananshokoladvanil-bez-zmzh-rossiya-18g-552513/
dairy,Молочные продукты,"Спред VOIMIX 60% с змж, 400г",209.99,https://lenta.com/product/spred-60-s-zmzh-rossiya-400g-746274/
dairy,Молочные продукты,"Десерт питьевой AWAKE POWER Кокосовый Манго, апельсин, без змж, 275г",139.99,https://lenta.com/product/desert-pitevojj-kokosovyjj-mango-apelsin-bez-zmzh-rossiya-275g-865771/
dairy,Молочные продукты,"Подарочный набор детский КОНФИТРЕЙД Трубочки для молока Малина, клубника, карамель, без змж, 18г",149.99,https://lenta.com/product/podarochnyjj-nabor-trubochki-dmol-malinaklubkaramel-bez-zmzh-rossiya-18g-552426/
dairy,Молочные продукты,"Яйцо куриное 365 ДНЕЙ СО, 10шт",149.99,https://lenta.com/product/yajjco-kurinoe-s0-rossiya-10sht-674564/
dairy,Молочные продукты,"Закваска для кефира VIVO, без змж, 4x0,5г",224.99,https://lenta.com/product/zakvaska-dlya-kefira-bez-zmzh-rossiya-405g-433727/
dairy,Молочные продукты,"Масло сливочное ЭКОНИВА Традиционное 82,5%, без змж, 180г",169.99,https://lenta.com/product/maslo-slivochnoe-tradicionnoe-825-bez-zmzh-rossiya-180g-583114/
dairy,Молочные продукты,"Йогурт TEOS Греческий 2%, без змж, 140г",61.99,https://lenta.com/product/jjogurt-2-pst-bez-zmzh-belarus-140g-391935/
dairy,Молочные продукты,"Подарочный набор для мальчика PLAY ME Шоколадные шарики, без змж, 50г",159.99,https://lenta.com/product/podarochnyjj-nabor-shokoladnye-shariki-dlya-malchikov-bez-zmzh-rossiya-50g-581186/
dairy,Молочные продукты,"Сгущенка овсяная SAMUI, 200г",219.99,https://lenta.com/product/sgushchenka-ovsyanaya-tailand-200g-713004/
dairy,Молочные продукты,"Молоко ультрапастеризованное ЭКОНИВА для питания детей с 3-х лет 3,2%, без змж, 1000мл",129.99,https://lenta.com/product/moloko-upast-dlya-pdet-s-3-h-let-32-bez-zmzh-rossiya-1000ml-892491/
dairy,Молочные продукты,"Коктейль БОЛЬШАЯ КРУЖКА Шоколад с мороженым 3%, без змж, 980г",144.99,https://lenta.com/product/koktejjl-molochno-shokoladnyjj-s-morozhenym-3-bez-zmzh-rossiya-980g-608317/
dairy,Молочные продукты,"Напиток молочный кофейный NATURA SELECTION Latte Банан, карамель 2,4%, без змж, 220мл",149.99,https://lenta.com/product/napitok-molochnyjj-kofejjnyjj-ster-lattebanan-karamel-24-bez-zmzh-rossiya-220ml-684281/
dairy,Молочные продукты,"Напиток растительный TAKE A BITE Бариста Овсяно-банановый, 1000мл",249.99,https://lenta.com/product/napitok-rastitelnyjj-ovsyano-bananovyjjbarista-upast-rossiya-1000ml-628300/
dairy,Молочные продукты,"Молоко ультрапастеризованное СЕЛО ЗЕЛЕНОЕ 3,2%, без змж, 950мл",89.99,https://lenta.com/product/moloko-upast-32--bez-zmzh-rossiya-950ml-445793/
dairy,Молочные продукты,"Напиток растительный СЕЛО ЗЕЛЕНОЕ Овес 1,8%, 1000мл",114.99,https://lenta.com/product/napitok-rastitelnyjj-upast-oves-dlya-detejj-s-3h-let-18-rossiya-1000ml-744112/
dairy,Молочные продукты,"Продукт йогуртный FRUTTIS Суперэкстра Абрикос, манго/Лесные ягоды 8%, без змж, 115г",29.99,https://lenta.com/product/produkt-jjogurtnyjj-past-superekstra-abrikosmangolesnye-yagody-8-bez-zmzh-rossiya-115g-135814/
dairy,Молочные продукты,"Сметана ПРОСТОКВАШИНО 15%, без змж, 300г",89.99,https://lenta.com/product/smetana-15-bez-zmzh-rossiya-300g-578977/
dairy,Молочные продукты,"Напиток растительный ультрапастеризованный TAKE A BITE Шоколад, 1000мл",189.99,https://lenta.com/product/napitok-rastitelnyjj-shokolad-ultrapasterizovannyjj-rossiya-1000ml-729094/
dairy,Молочные продукты,"Яйцо куриное РОСКАР Экстра СО столовое, 10шт",134.99,https://lenta.com/product/yajjco-kurinoe-stolovoe-ekstra-s0-rossiya-10sht-025080/
dairy,Молочные продукты,"Творог ИСКРЕННЕ ВАШ 5%, без змж, 180г",79.99,https://lenta.com/product/tvorog-5-bez-zmzh-rossiya-180g-539860/
dairy,Молочные продукты,"Молоко пастеризованное ЛЕНТА 3,2%, без змж, 900мл",89.99,https://lenta.com/product/moloko-pasterizovannoe-32-pet-bez-zmzh-rossiya-900ml-671968/
dairy,Молочные продукты,"Спред растительно-жировой КРЕСТЬЯНСКИЙ Сливочник 60%, 180г",78.99,https://lenta.com/product/spred-slivochnik-rastit-zhirovojj-60-rossiya-180g-390103/
dairy,Молочные продукты,"Маргарин СЛИВОЧНИК Сливочный 30%, 180г",53.99,https://lenta.com/product/margarin-slivochnyjj-pergament-30-rossiya-180g-486581/
dairy,Молочные продукты,"Йогурт питьевой NEO Фруктовый Манго, малина 1,5%, без змж 260г",59.99,https://lenta.com/product/jjogurt-pitevojj-fruktovyjj-mango-malina-15-bez-zmzh-rossiya-260g-736563/
dairy,Молочные продукты,"Напиток ЭКОНАД на основе молочной сыворотки с натуральным экстрактом липы, среднегазированный, 330мл",119.99,https://lenta.com/product/napitok-ba-na-osn-mol-syv-s-nat-ekstraktom-lipy-srgaz-rossiya-330ml-794210/
dairy,Молочные продукты,"Молоко ультрапастеризованное КОЗОЧКА С ОБЛАЧКА козье цельное 2,8–5,6%, без змж, 200мл",69.99,https://lenta.com/product/moloko-koze-celnoe-pitevoe-upast-28-56-bez-zmzh-rossiya-200ml-744306/
dairy,Молочные продукты,"Масло сливочное ЭКОМИЛК 82,5% высший сорт, без змж, 180г",199.99,https://lenta.com/product/maslo-slivochnoe-vs-825-folga-bez-zmzh-rossiya-180g-230405/
dairy,Молочные продукты,"Творог ПРОСТОКВАШИНО 2%, без змж, 200г",89.99,https://lenta.com/product/tvorog-2-bez-zmzh-rossiya-200g-579546/
dairy,Молочные продукты,"Закваска САМОКВАШИНО Биокефир Домашний, без змж, 2г",48.99,https://lenta.com/product/zakvaska-biokefir-domashnijj-sashe-bez-zmzh-rossiya-2g-647303/
dairy,Молочные продукты,"Яйцо куриное ЛЕНТА СО, 10шт",119.99,https://lenta.com/product/yajjco-kurinoe-s0-rossiya-10sht-713213/
dairy,Молочные продукты,"Маршмеллоу ЗАВОД ИМЕНИ ПАСТУХОВА Японская дыня в молочном бельгийском шоколаде, без змж, 45г",109.99,https://lenta.com/product/marshmellou-yaponskaya-dynya-v-mol-belgijjskom-shokolade-bez-zmzh-rossiya-45g-891995/
dairy,Молочные продукты,"Коктейль молочный АМ-АМ с клубникой 2,5%, без змж, 205г",40.99,https://lenta.com/product/koktejjl-molochnyjj-s-klubnikojj-25-bez-zmzh-rossiya-205g-650031/
dairy,Молочные продукты,"Трубочка для молока МУМИ Вечерний микс, без змж, 30г",62.99,https://lenta.com/product/trubochka-dlya-moloka-vechernijj-miks-bez-zmzh-rossiya-30g-619372/
dairy,Молочные продукты,"Масло сладкосливочное БРЕСТ-ЛИТОВСК Сливочное несоленое 82,5%, без змж, 180г",189.99,https://lenta.com/product/maslo-slivochnoe-slivochnoe-nesolenoe-825-bez-zmzh-belarus-180g-253387/
dairy,Молочные продукты,"Спред растительно-жировой 365 ДНЕЙ 60%, 450г",119.99,https://lenta.com/product/spred-rastitelno-zhirovojj-60-rossiya-450g-057279/
dairy,Молочные продукты,"Йогурт питьевой NEO Классический 1,8%, без змж 260г",59.99,https://lenta.com/product/jjogurt-pitevojj-klassicheskijj-18-bez-zmzh-rossiya-260g-736562/
dairy,Молочные продукты,"Яйцо куриное ОКСКОЕ СО, 10шт",137.99,https://lenta.com/product/yajjco-kurinoe-so-rossiya-10sht-127515/
dairy,Молочные продукты,"Маршмеллоу ЗАВОД ИМЕНИ ПАСТУХОВА Манго в молочном бельгийском шоколаде, без змж, 45г",87.99,https://lenta.com/product/marshmellou-mango-v-mol-belgijjskom-shokolade-bez-zmzh-rossiya-45g-891996/
dairy,Молочные продукты,"Масса творожная РОСТАГРОЭКСПОРТ Особая с изюмом 23%, без змж, 180г",92.99,https://lenta.com/product/massa-tvorozhnaya-osobaya-23-s-izyumom-bez-zmzh-rossiya-180g-260664/
dairy,Молочные продукты,"Сметана ПРОСТОКВАШИНО 10%, без змж, 300г",59.99,https://lenta.com/product/smetana-10-bez-zmzh-rossiya-300g-579544/
dairy,Молочные продукты,"Сметана БРЕСТ-ЛИТОВСК 15%, без змж, 300г",84.99,https://lenta.com/product/smetana-15-pst-bez-zmzh-belarus-300g-669138/
dairy,Молочные продукты,"Сметана ДОМИК В ДЕРЕВНЕ 20%, без змж, 300г",94.99,https://lenta.com/product/smetana-20-mst-bez-zmzh-rossiya-300g-463131/
dairy,Молочные продукты,"Яйцо куриное NN С1, 10шт",112.99,https://lenta.com/product/yajjco-kurinoe-s1-rossiya-10sht-683306/
dairy,Молочные продукты,"Молоко пастеризованное ПРОСТОКВАШИНО 2,5%, без змж, 930мл",79.99,https://lenta.com/product/moloko-past-pitevoe-25-pet-bez-zmzh-rossiya-930ml-080424/
dairy,Молочные продукты,"Коктейль молочный АМ-АМ с бананом 2,5%, без змж, 205г",40.99,https://lenta.com/product/koktejjl-molochnyjj-s-bananom-25-bez-zmzh-rossiya-205g-649982/
dairy,Молочные продукты,"Напиток растительный MILX Соево-банановый 1,1%, 500мл",119.99,https://lenta.com/product/napitok-rastitelnyjj-soevo-bananovyjj-11-rossiya-500ml-728640/
dairy,Молочные продукты,"Коктейль молочный ВЫБОР СЕМЬИ Ваниль 2%, без змж, 1000мл",119.99,https://lenta.com/product/koktejjl-molochnyjj-upast-vanil-2-tba-bez-zmzh-rossiya-1000ml-715508/
dairy,Молочные продукты,"Масло сливочное ВКУСНОТЕЕВО Традиционное 82,5%, без змж, 180г",199.99,https://lenta.com/product/maslo-slivochnoe-tradicionnoe-825-bez-zmzh-rossiya-180g-743324/
dairy,Молочные продукты,"Коктейль молочный ТОПТЫЖКА со вкусом шоколадного мороженого 2%, без змж, 950г",139.99,https://lenta.com/product/koktejjl-molochnyjj-so-vkusom-shokoladnogo-morozhenogo-2-bez-zmzh-rossiya-950g-691133/
dairy,Молочные продукты,"Молоко пастеризованное ДОМИК В ДЕРЕВНЕ 3,2%, без змж, 1440г",139.99,https://lenta.com/product/moloko-pasterizovannoe-32-pet-bez-zmzh-rossiya-1440g-735989/
dairy,Молочные продукты,"Сметана ВКУСНОТЕЕВО 20%, без змж, 300г",99.99,https://lenta.com/product/smetana-200-bez-zmzh-rossiya-300g-435780/
dairy,Молочные продукты,"Масло топленое ЛЕНТА LIFE ГХИ 99%, без змж, 300г",549.99,https://lenta.com/product/maslo-toplenoe-ghi-99-bez-zmzh-rossiya-300g-882201/
dairy,Молочные продукты,"Сырок творожный глазированный РОСТАГРОЭКСПОРТ с вареной сгущенкой 15%, c 
змж, 45г",34.99,https://lenta.com/product/syrok-glazirovannyjj-tvor-s-varenojj-sgushchenkojj-15-floupak-s-zmzh-rossiya-45g-486279/
dairy,Молочные продукты,"Яйцо куриное ЛЕНТА СО, 30шт",359.99,https://lenta.com/product/yajjco-kurinoe-s0-rossiya-30sht-736679/
dairy,Молочные продукты,"Творог рассыпчатый ИСКРЕННЕ ВАШ 9%, без змж, 500г",199.99,https://lenta.com/product/tvorog-rassypchatyjj-9-paket-bez-zmzh-rossiya-500g-522977/
dairy,Молочные продукты,"Спред растительно-жировой 48%, с змж, 180г",43.99,https://lenta.com/product/spred-rastitelno-zhirovojj-48-szmzh-rossiya-180g-700021/
dairy,Молочные продукты,"Коктейль молочный РАСТИШКА Шоколадное мороженое 2%, без змж, 210г",44.99,https://lenta.com/product/koktejjl-molochnyjj-shokoladnoe-morozhenoe-bez-zmzh-rossiya-210g-745386/
dairy,Молочные продукты,"Коктейль молочный стерилизованный ФАННИ ЯММИ Клубника 1,6%, без змж, 
170мл",46.99,https://lenta.com/product/koktejjl-molochnyjj-klubnika-sterilizovannyjj-16-bez-zmzh-rossiya-170ml-729397/
dairy,Молочные продукты,"Йогурт питьевой ЧУДО Вишня, шоколад, гранола 2,2%, без змж, 260г",69.99,https://lenta.com/product/jjogurt-vishnya-shokolad-granola-pitevojj-22-bez-zmzh-rossiya-260g-743153/
dairy,Молочные продукты,"Коктейль БОЛЬШАЯ КРУЖКА Клубника с мороженым 3%, без змж, 980г",144.99,https://lenta.com/product/koktejjl-s-klubnikojj-i-morozhenym-3-bez-zmzh-rossiya-980g-608564/
dairy,Молочные продукты,"Коктейль молочный ВЫБОР СЕМЬИ Шоколад 2%, без змж, 1000мл",119.99,https://lenta.com/product/koktejjl-molochnyjj-upast-shokolad-2-tba-bez-zmzh-rossiya-1000ml-715225/
dairy,Молочные продукты,"Сливки ультрапастеризованные ЛЕНТА 10%, без змж, 500г",104.99,https://lenta.com/product/slivki-upast-10-bez-zmzh-rossiya-500g-216764/
dairy,Молочные продукты,"Йогурт ДАНИССИМО Фантазия Хрустящие шарики в шоколаде 6,9%, без змж, 105г",69.99,https://lenta.com/product/jjogurt-fantaziya-hrustyashchie-shariki-v-shokolade-69-bez-zmzh-rossiya-105g-181970/
dairy,Молочные продукты,"Сметана ПРОСТОКВАШИНО 20%, без змж, 300г",97.99,https://lenta.com/product/smetana-20-bez-zmzh-rossiya-300g-579543/
dairy,Молочные продукты,"Десерт молочный ПОТРЯСНЫЙ Котик фигурный Ванильный 6,5%, без змж, 180г",149.99,https://lenta.com/product/desert-molochnyjj-kotik-figurnyjj-vanilnyjj-65-bez-zmzh-rossiya-180g-749538/
dairy,Молочные продукты,"Коктейль молочный ультрапастеризованный ВАУ МЯУ! Клубника со сливками 
3,2%, без змж, 950г",129.99,https://lenta.com/product/molochnyjj-koktejjl-upast-klubnika-so-slivkami-32-tba-bez-zmzh-rossiya-950g-715748/
dairy,Молочные продукты,"Яйцо куриное ЛЕНТА FRESH XXL СВ, 10шт",139.99,https://lenta.com/product/yajjco-kurinoe-xxl-sv-rossiya-10sht-687479/
dairy,Молочные продукты,"Сырок творожный глазированный РОСТАГРОЭКСПОРТ с ванилином 20%, без змж, 45г",34.99,https://lenta.com/product/syrok-glazirovannyjj-tvors-vanilinom-20-floupak-bez-zmzh-rossiya-45g-486278/
dairy,Молочные продукты,"Продукт йогуртный НЕЖНЫЙ Легкий с соком персика 0,1%, без змж, 95г",22.99,https://lenta.com/product/produkt-jjogurtnyjj-past-legkijj-01-s-sokom-persika-bez-zmzh-rossiya-95g-495901/
dairy,Молочные продукты,"Творог детский АГУША Первая ложка Классический 4,5%, с 6 месяцев, без змж, 100г",34.99,https://lenta.com/product/tvorog-detskijj-klassicheskijj-s-6-mes-45-bez-zmzh-rossiya-100g-081092/
dairy,Молочные продукты,"Масло сливочное ВКУСНОТЕЕВО Традиционное 82,5%, без змж, 340г",369.99,https://lenta.com/product/maslo-slivochnoe-tradicionnoe-825-pljnka-bez-zmzh-rossiya-340g-700321/
dairy,Молочные продукты,"Коктейль молочный ВЫБОР СЕМЬИ Клубника 2%, без змж, 1000мл",119.99,https://lenta.com/product/koktejjl-molochnyjj-upast-klubnika-2-tba-bez-zmzh-rossiya-1000ml-715509/
dairy,Молочные продукты,"Йогурт LACTICA Греческий 2%, без змж, 130г",56.99,https://lenta.com/product/jjogurt-grecheskijj-2-bez-zmzh-rossiya-130g-904813/
dairy,Молочные продукты,"Коктейль молочный ультрапастеризованный ВАУ МЯУ! Ванильное мороженое 
3,2%, без змж, 200г",32.99,https://lenta.com/product/koktejjl-molochnyjj-upast-vanilnoe-morozhenoe-32-tba-bez-zmzh-rossiya-200g-702833/
dairy,Молочные продукты,"Продукт творожный КАРАТ Творожок сливочный с ванилином 10%, без змж, 230г",104.99,https://lenta.com/product/produkt-tvorozhnyjj-tvorozhok-slivochnyjj-s-vanilinom-10-bez-zmzh-rossiya-230g-082522/
dairy,Молочные продукты,"Молоко ультрапастеризованное PARMALAT Comfort безлактозное 1,8%, без 
змж, 1000мл",154.99,https://lenta.com/product/moloko-comfort-bezlaktoznoe-upast-18-bez-zmzh-rossiya-1000ml-532833/
dairy,Молочные продукты,"Творог ПРОСТОКВАШИНО 5%, без змж, 200г",99.99,https://lenta.com/product/tvorog-5-bez-zmzh-rossiya-200g-579608/
dairy,Молочные продукты,"Напиток молочный кофейный NATURA SELECTION Cappuccino 2,4%, без змж, 220мл",149.99,https://lenta.com/product/napitok-molochnyjj-kofejjnyjj-ster-cappuccino-24-bez-zmzh-rossiya-220ml-684167/
dairy,Молочные продукты,"Коктейль молочный ультрапастеризованный ВАУ МЯУ! Ванильное мороженое 
3,2%, без змж, 950г",129.99,https://lenta.com/product/koktejjl-molochnyjj-upast-vanilnoe-morozhenoe-32-tba-bez-zmzh-rossiya-950g-707370/
dairy,Молочные продукты,"Творог зерненый САВУШКИН Манго-чиа 3%, без змж, 130г",62.99,https://lenta.com/product/tvorog-zernenyjj-mango-chia-3-pst-bez-zmzh-belarus-130g-906158/
dairy,Молочные продукты,"Продукт молокосодержащий 365 ДНЕЙ Сгущенка с сахаром 8,5% с змж, 370г",98.99,https://lenta.com/product/sgushchenka-s-saharom-produkt-molokosoderzhashchijj-85-1---molochnyjj-zhir-s-zmzh-rossiya-370g-072016/
dairy,Молочные продукты,"Молоко ультрапастеризованное ДОМИК В ДЕРЕВНЕ 3,2%, без змж, 950г",109.99,https://lenta.com/product/moloko-steril-32-tbaslim-bez-zmzh-rossiya-950g-146973/
dairy,Молочные продукты,"Коктейль молочный ЧУДО Орех, латте 2%, без змж, 270г",79.99,https://lenta.com/product/koktejjl-oreh-latte-2-bez-zmzh-rossiya-270g-903670/
dairy,Молочные продукты,"Молоко ультрапастеризованное СЕВЕРНАЯ ДОЛИНА 3,2%, без змж, 950г",84.99,https://lenta.com/product/moloko-upast-32-tbaslim-bez-zmzh-rossiya-950g-222707/
dairy,Молочные продукты,"Напиток растительный ZINUS VEGAN Кокос на йогуртной закваске, с змж, 250г",54.99,https://lenta.com/product/napitok-rastitelnyjj-kokos-na-jjogurtnojj-zakvaske-ddet-pitaniya-s-3-let-s-zmzh-rossiya-250g-748944/
dairy,Молочные продукты,"Масло сливочное ДОМИК В ДЕРЕВНЕ 82,5%, без змж, 180г",249.99,https://lenta.com/product/maslo-slivochnoe-825-folga-bez-zmzh-rossiya-180g-152566/
dairy,Молочные продукты,"Маргарин ЧУДЕСНИЦА универсальный 55%, без змж, 180г",36.84,https://lenta.com/product/margarin-universalnyjj-55-bez-zmzh-rossiya-180g-768439/
dairy,Молочные продукты,"Сметана БРЕСТ-ЛИТОВСК 20%, без змж, 300г",99.99,https://lenta.com/product/smetana-20-pst-bez-zmzh-belarus-300g-669100/
dairy,Молочные продукты,"Творог ИСКРЕННЕ ВАШ 9%, без змж, 180г",84.99,https://lenta.com/product/tvorog-9-pergfloup-bez-zmzh-rossiya-180g-465306/
dairy,Молочные продукты,"Смесь растительно-жировая топленая ХОЗЯЮШКА 99,7%, 340г",139.99,https://lenta.com/product/smes-toplenaya-rastitelno-zhirovaya-997-rossiya-340g-210537/
dairy,Молочные продукты,"Молоко стерилизованное МОЖАЙСКОЕ 6%, без змж, 450мл",109.99,https://lenta.com/product/moloko-steril-pitevoe-6-bez-zmzh-rossiya-450ml-174457/
dairy,Молочные продукты,"Кефир МАРУСЯ Отборный 3,5–4,5%, без змж, 930г",119.99,https://lenta.com/product/kefir-otbornyjj-35-45-pet-bez-zmzh-rossiya-930g-563839/
dairy,Молочные продукты,"Трубочка вафельная ЗАВОД ИМЕНИ ПАСТУХОВА с молочным кремом и молоком сгущенным, без змж, 65г",119.99,https://lenta.com/product/trubochka-vafelnaya-molochnyjj-krem-s-molokom-sgushchennym-bez-zmzh-rossiya-65g-892931/
dairy,Молочные продукты,"Десерт AWAKE POWER Кокосовый с йогуртовой закваской Ягодный микс, без змж, 125г",88.99,https://lenta.com/product/desert-kokosovyjj-s-jjogurtovojj-zakvaskojj-yagodnyjj-miks-bez-zmzh-rossiya-125g-865770/
dairy,Молочные продукты,"Молоко сгущенное АЛЕКСЕЕВСКОЕ цельное с сахаром 8,5%, без змж ГОСТ, 270г",119.99,https://lenta.com/product/moloko-sgushchennoe-gost-sashet-bez-zmzh-rossiya-270g-201646/
dairy,Молочные продукты,"Творог ВКУСНОТЕЕВО 9%, без змж, 350г",169.99,https://lenta.com/product/tvorog-9-bez-zmzh-rossiya-350g-749754/
dairy,Молочные продукты,"Пирожное бисквитное KINDER Пингви Абрикос 23,3%, без змж, 30г",75.99,https://lenta.com/product/pirozhnoe-pingvi-biskvitnoe-abrikos-233-bez-zmzh-italiya-30g-792622/
dairy,Молочные продукты,"Десерт глазированный 365 ДНЕЙ Вишневый джем 23%, с змж, 38г",14.99,https://lenta.com/product/desert-glazirovannyjj-s-vishnevym-dzhemom-23-s-zmzh-rossiya-38g-586511/
dairy,Молочные продукты,"Молоко ультрапастеризованное BONVIDA Для капучино 3,5%, без змж, 200мл",39.99,https://lenta.com/product/moloko-dlya-kapuchino-35-bez-zmzh-rossiya-200ml-681745/
dairy,Молочные продукты,"Молоко пастеризованное АНФИСКИНО 2,5%, без змж, 900г",69.99,https://lenta.com/product/moloko-pitevoe-pasterizovannoe-25-but-bez-zmzh-rossiya-900g-906748/
dairy,Молочные продукты,"Напиток кисломолочный EXPONENTA BIO-SKYR 3в1 Гранат, обезжиренный с высоким содержанием белка, без змж, 500г",169.99,https://lenta.com/product/napitok-kislomolochnyjj-bio-skyr-3-v-1-obezzhir-s-vs-belka-granat-bez-zmzh-belarus-500g-903902/
dairy,Молочные продукты,"Йогурт PARMALAT Comfort Вишня безлактозный 2,9%, без змж, 130г",69.99,https://lenta.com/product/jjogurt-comfort-vishnya-blakt-29-bez-zmzh-rossiya-130g-903475/
dairy,Молочные продукты,"Молоко ультрапастеризованное 365 ДНЕЙ 2,5%, без змж, 200мл",31.99,https://lenta.com/product/moloko-upast-25-tba-slim-bez-zmzh-rossiya-200ml-711343/
dairy,Молочные продукты,"Кефир ЛЕНТА 1%, без змж, 900г",79.99,https://lenta.com/product/kefir-1-pet-bez-zmzh-rossiya-900g-900352/
dairy,Молочные продукты,"Творог АНФИСКИНО 9%, без змж, 180г",69.99,https://lenta.com/product/tvorog-9-flou-pak-bez-zmzh-rossiya-180g-906141/
dairy,Молочные продукты,"Продукт творожный ДАНИССИМО со вкусом мороженого, клубничный крем-брюле 5,7%, без змж, 130г",49.99,https://lenta.com/product/produkt-tvorozhnyjj-so-vkusom-morozhenogo-klubnichnyjj-krem-bryule-57-bez-zmzh-rossiya-130g-739846/
dairy,Молочные продукты,"Йогурт VIOLA Полезный завтрак Гранола, изюм 5%, без змж, 180г",82.99,https://lenta.com/product/jjogurt-poleznyjj-zavtrak-granolaizyum-bez-zmzh-rossiya-180g-905020/
dairy,Молочные продукты,"Напиток молочный VENN'S Ваниль-лесной орех высокобелковый обезжиренный, без змж, 250г",99.99,https://lenta.com/product/napitok-molochnyjj-vysokobelkovyjj-obezzhirennyjj-vanil-lesnojj-oreh-bez-zmzh-rossiya-250g-903901/
dairy,Молочные продукты,"Масло сливочное ЛЕБЕДЯНЬМОЛОКО Крестьянское 72,5% высший сорт, без змж, 180г",159.99,https://lenta.com/product/maslo-slivochnoe-vs-725-folga-bez-zmzh-rossiya-180g-304804/
dairy,Молочные продукты,"Творог детский А.РОСТАГРОКОМПЛЕКС Груша 3,8%, без змж, 100г",66.99,https://lenta.com/product/tvorog-detskijj-grusha-38-bez-zmzh-rossiya-100g-903883/
dairy,Молочные продукты,"Молоко стерилизованное топленое МОЖАЙСКОЕ 4%, без змж, 450мл",109.99,https://lenta.com/product/moloko-steril-pitevoe-toplenoe-4-bez-zmzh-rossiya-450ml-064120/
dairy,Молочные продукты,"Йогурт питьевой РОСТАГРОЭКСПОРТ Персик, маракуйя 2,5%, без змж, 290г",68.99,https://lenta.com/product/jjogurt-persik-marakujjya-25-pet-bez-zmzh-rossiya-290g-518597/
dairy,Молочные продукты,"Продукт йогуртный FRUTTIS Суперэкстра Малина/Ананас, дыня 8%, без змж, 115г",29.99,https://lenta.com/product/produkt-jjogurtnyjj-past-superekstra-malinaananas-dynya-8-bez-zmzh-rossiya-115g-135818/
dairy,Молочные продукты,"Продукт из творога 365 ДНЕЙ несладкий 24%, с змж, 180г",49.99,https://lenta.com/product/produkt-iz-tvoroga-nesladkijj-24-fp-s-zmzh-rossiya-180g-668157/
dairy,Молочные продукты,"Напиток молочный VENN'S Клубника-банан высокобелковый обезжиренный, без змж, 250г",99.99,https://lenta.com/product/napitok-molochnyjj-vysokobelkovyjj-obezzhirennyjj-klubnika-banan-bez-zmzh-rossiya-250g-903900/
dairy,Молочные продукты,"Продукт творожный ДАНИССИМО с киви 5,5%, без змж, 130г",49.99,https://lenta.com/product/produkt-tvorozhnyjj-s-kivi-55-bez-zmzh-rossiya-130g-092127/
dairy,Молочные продукты,"Кефир ЭКОНИВА 1%, без змж, 1000г",99.99,https://lenta.com/product/kefir-1-pet-bez-zmzh-rossiya-1000g-512894/
